{
  "info": {
    "name": "Movie Booking System API",
    "description": "Complete API collection for testing the Movie Booking System",
    "schema": "https://schema.getpostman.com/json/collection/v2.1.0/collection.json"
  },
  "item": [
    {
      "name": "Movies",
      "item": [
        {
          "name": "Add Movie - Inception",
          "request": {
            "method": "POST",
            "header": [
              {
                "key": "Content-Type",
                "value": "application/json"
              }
            ],
            "body": {
              "mode": "raw",
              "raw": "{\n  \"title\": \"Inception\",\n  \"genre\": \"Sci-Fi\",\n  \"duration\": 148\n}"
            },
            "url": {
              "raw": "http://localhost:8080/api/movies",
              "protocol": "http",
              "host": ["localhost"],
              "port": "8080",
              "path": ["api", "movies"]
            }
          }
        },
        {
          "name": "Add Movie - Interstellar",
          "request": {
            "method": "POST",
            "header": [
              {
                "key": "Content-Type",
                "value": "application/json"
              }
            ],
            "body": {
              "mode": "raw",
              "raw": "{\n  \"title\": \"Interstellar\",\n  \"genre\": \"Sci-Fi\",\n  \"duration\": 169\n}"
            },
            "url": {
              "raw": "http://localhost:8080/api/movies",
              "protocol": "http",
              "host": ["localhost"],
              "port": "8080",
              "path": ["api", "movies"]
            }
          }
        },
        {
          "name": "Get All Movies",
          "request": {
            "method": "GET",
            "header": [],
            "url": {
              "raw": "http://localhost:8080/api/movies",
              "protocol": "http",
              "host": ["localhost"],
              "port": "8080",
              "path": ["api", "movies"]
            }
          }
        }
      ]
    },
    {
      "name": "Shows",
      "item": [
        {
          "name": "Create Show - Inception",
          "request": {
            "method": "POST",
            "header": [
              {
                "key": "Content-Type",
                "value": "application/json"
              }
            ],
            "body": {
              "mode": "raw",
              "raw": "{\n  \"showTime\": \"2026-02-10T18:30\",\n  \"totalSeats\": 100,\n  \"availableSeats\": 100,\n  \"movie\": {\n    \"movieId\": 1\n  }\n}"
            },
            "url": {
              "raw": "http://localhost:8080/api/shows",
              "protocol": "http",
              "host": ["localhost"],
              "port": "8080",
              "path": ["api", "shows"]
            }
          }
        },
        {
          "name": "Create Show - Interstellar",
          "request": {
            "method": "POST",
            "header": [
              {
                "key": "Content-Type",
                "value": "application/json"
              }
            ],
            "body": {
              "mode": "raw",
              "raw": "{\n  \"showTime\": \"2026-02-11T20:00\",\n  \"totalSeats\": 150,\n  \"availableSeats\": 150,\n  \"movie\": {\n    \"movieId\": 2\n  }\n}"
            },
            "url": {
              "raw": "http://localhost:8080/api/shows",
              "protocol": "http",
              "host": ["localhost"],
              "port": "8080",
              "path": ["api", "shows"]
            }
          }
        },
        {
          "name": "Get All Shows",
          "request": {
            "method": "GET",
            "header": [],
            "url": {
              "raw": "http://localhost:8080/api/shows",
              "protocol": "http",
              "host": ["localhost"],
              "port": "8080",
              "path": ["api", "shows"]
            }
          }
        },
        {
          "name": "Get Shows by Movie ID",
          "request": {
            "method": "GET",
            "header": [],
            "url": {
              "raw": "http://localhost:8080/api/shows/movie/1",
              "protocol": "http",
              "host": ["localhost"],
              "port": "8080",
              "path": ["api", "shows", "movie", "1"]
            }
          }
        }
      ]
    },
    {
      "name": "Bookings",
      "item": [
        {
          "name": "Book Tickets - Akash",
          "request": {
            "method": "POST",
            "header": [
              {
                "key": "Content-Type",
                "value": "application/json"
              }
            ],
            "body": {
              "mode": "raw",
              "raw": "{\n  \"customerName\": \"Akash\",\n  \"seatsBooked\": 2,\n  \"show\": {\n    \"showId\": 1\n  }\n}"
            },
            "url": {
              "raw": "http://localhost:8080/api/bookings",
              "protocol": "http",
              "host": ["localhost"],
              "port": "8080",
              "path": ["api", "bookings"]
            }
          }
        },
        {
          "name": "Book Tickets - Priya",
          "request": {
            "method": "POST",
            "header": [
              {
                "key": "Content-Type",
                "value": "application/json"
              }
            ],
            "body": {
              "mode": "raw",
              "raw": "{\n  \"customerName\": \"Priya\",\n  \"seatsBooked\": 3,\n  \"show\": {\n    \"showId\": 1\n  }\n}"
            },
            "url": {
              "raw": "http://localhost:8080/api/bookings",
              "protocol": "http",
              "host": ["localhost"],
              "port": "8080",
              "path": ["api", "bookings"]
            }
          }
        },
        {
          "name": "Get All Bookings",
          "request": {
            "method": "GET",
            "header": [],
            "url": {
              "raw": "http://localhost:8080/api/bookings",
              "protocol": "http",
              "host": ["localhost"],
              "port": "8080",
              "path": ["api", "bookings"]
            }
          }
        },
        {
          "name": "Cancel Booking",
          "request": {
            "method": "DELETE",
            "header": [],
            "url": {
              "raw": "http://localhost:8080/api/bookings/1",
              "protocol": "http",
              "host": ["localhost"],
              "port": "8080",
              "path": ["api", "bookings", "1"]
            }
          }
        }
      ]
    },
    {
      "name": "Test Cases",
      "item": [
        {
          "name": "Test Overbooking (Should Fail)",
          "request": {
            "method": "POST",
            "header": [
              {
                "key": "Content-Type",
                "value": "application/json"
              }
            ],
            "body": {
              "mode": "raw",
              "raw": "{\n  \"customerName\": \"Test User\",\n  \"seatsBooked\": 200,\n  \"show\": {\n    \"showId\": 1\n  }\n}"
            },
            "url": {
              "raw": "http://localhost:8080/api/bookings",
              "protocol": "http",
              "host": ["localhost"],
              "port": "8080",
              "path": ["api", "bookings"]
            }
          }
        },
        {
          "name": "Test Validation - Empty Title (Should Fail)",
          "request": {
            "method": "POST",
            "header": [
              {
                "key": "Content-Type",
                "value": "application/json"
              }
            ],
            "body": {
              "mode": "raw",
              "raw": "{\n  \"title\": \"\",\n  \"genre\": \"Action\",\n  \"duration\": 120\n}"
            },
            "url": {
              "raw": "http://localhost:8080/api/movies",
              "protocol": "http",
              "host": ["localhost"],
              "port": "8080",
              "path": ["api", "movies"]
            }
          }
        }
      ]
    }
  ]
}
